-- MySQL Script generated by MySQL Workbench
-- ter 01 set 2020 19:17:15
-- Model: New Model    Version: 1.0
-- MySQL Workbench Forward Engineering

SET @OLD_UNIQUE_CHECKS=@@UNIQUE_CHECKS, UNIQUE_CHECKS=0;
SET @OLD_FOREIGN_KEY_CHECKS=@@FOREIGN_KEY_CHECKS, FOREIGN_KEY_CHECKS=0;
SET @OLD_SQL_MODE=@@SQL_MODE, SQL_MODE='ONLY_FULL_GROUP_BY,STRICT_TRANS_TABLES,NO_ZERO_IN_DATE,NO_ZERO_DATE,ERROR_FOR_DIVISION_BY_ZERO,NO_ENGINE_SUBSTITUTION';

-- -----------------------------------------------------
-- Schema SpotifyClone
-- -----------------------------------------------------
DROP SCHEMA IF EXISTS `SpotifyClone` ;

-- -----------------------------------------------------
-- Schema SpotifyClone
-- -----------------------------------------------------
CREATE SCHEMA IF NOT EXISTS `SpotifyClone` DEFAULT CHARACTER SET utf8mb4 COLLATE utf8mb4_0900_ai_ci ;
USE `SpotifyClone` ;

-- -----------------------------------------------------
-- Table `SpotifyClone`.`album`
-- -----------------------------------------------------
DROP TABLE IF EXISTS `SpotifyClone`.`album` ;

CREATE TABLE IF NOT EXISTS `SpotifyClone`.`album` (
  `album_id` INT NOT NULL AUTO_INCREMENT,
  `album_name` VARCHAR(255) NOT NULL,
  `artista_id` INT NOT NULL,
  PRIMARY KEY (`album_id`),
  INDEX `fk_album_1_idx` (`artista_id` ASC) VISIBLE,
  CONSTRAINT `fk_album_1`
    FOREIGN KEY (`artista_id`)
    REFERENCES `SpotifyClone`.`artista` (`artista_id`))
ENGINE = InnoDB
AUTO_INCREMENT = 1
DEFAULT CHARACTER SET = utf8mb4
COLLATE = utf8mb4_0900_ai_ci;


-- -----------------------------------------------------
-- Table `SpotifyClone`.`artista`
-- -----------------------------------------------------
DROP TABLE IF EXISTS `SpotifyClone`.`artista` ;

CREATE TABLE IF NOT EXISTS `SpotifyClone`.`artista` (
  `artista_id` INT NOT NULL AUTO_INCREMENT,
  `name` VARCHAR(255) NOT NULL,
  PRIMARY KEY (`artista_id`))
ENGINE = InnoDB
AUTO_INCREMENT = 1
DEFAULT CHARACTER SET = utf8mb4
COLLATE = utf8mb4_0900_ai_ci;


-- -----------------------------------------------------
-- Table `SpotifyClone`.`cançoes`
-- -----------------------------------------------------
DROP TABLE IF EXISTS `SpotifyClone`.`cançoes` ;

CREATE TABLE IF NOT EXISTS `SpotifyClone`.`cançoes` (
  `musica_id` INT(11) NOT NULL auto_increment,
  `album_id` INT NOT NULL,
  `musica` VARCHAR(255) NOT NULL,
  INDEX `album_id` (`album_id` ASC) VISIBLE,
  PRIMARY KEY (`musica_id`),
  CONSTRAINT `fk_cançoes_1`
    FOREIGN KEY (`album_id`)
    REFERENCES `SpotifyClone`.`album` (`album_id`)
    ON DELETE RESTRICT
    ON UPDATE RESTRICT)
ENGINE = InnoDB
AUTO_INCREMENT = 1
DEFAULT CHARACTER SET = utf8mb4
COLLATE = utf8mb4_0900_ai_ci;


-- -----------------------------------------------------
-- Table `SpotifyClone`.`historico`
-- -----------------------------------------------------
DROP TABLE IF EXISTS `SpotifyClone`.`historico` ;

CREATE TABLE IF NOT EXISTS `SpotifyClone`.`historico` (
  `usuario_id` INT NOT NULL,
  `musica_id` INT(11) NOT NULL,
  INDEX `usuarios_ibfk_1` (`usuario_id` ASC) VISIBLE,
  PRIMARY KEY (`usuario_id`, `musica_id`),
  INDEX `fk_historico_1_idx` (`musica_id` ASC) VISIBLE,
  CONSTRAINT `usuarios_ibfk_1`
    FOREIGN KEY (`usuario_id`)
    REFERENCES `SpotifyClone`.`usuarios` (`usuario_id`)
    ON DELETE RESTRICT
    ON UPDATE RESTRICT,
  CONSTRAINT `fk_historico_1`
    FOREIGN KEY (`musica_id`)
    REFERENCES `SpotifyClone`.`cançoes` (`musica_id`)
    ON DELETE NO ACTION
    ON UPDATE NO ACTION)
ENGINE = InnoDB
DEFAULT CHARACTER SET = utf8mb4
COLLATE = utf8mb4_0900_ai_ci;


-- -----------------------------------------------------
-- Table `SpotifyClone`.`planos`
-- -----------------------------------------------------
DROP TABLE IF EXISTS `SpotifyClone`.`planos` ;

CREATE TABLE IF NOT EXISTS `SpotifyClone`.`planos` (
  `planos_id` INT NOT NULL AUTO_INCREMENT,
  `plano` VARCHAR(30) NOT NULL,
  `valor_plano` VARCHAR(10) NULL DEFAULT '0',
  PRIMARY KEY (`planos_id`))
ENGINE = InnoDB
AUTO_INCREMENT = 1
DEFAULT CHARACTER SET = utf8mb4
COLLATE = utf8mb4_0900_ai_ci;


-- -----------------------------------------------------
-- Table `SpotifyClone`.`usuarios`
-- -----------------------------------------------------
DROP TABLE IF EXISTS `SpotifyClone`.`usuarios` ;

CREATE TABLE IF NOT EXISTS `SpotifyClone`.`usuarios` (
  `usuario_id` INT NOT NULL AUTO_INCREMENT,
  `usuario` VARCHAR(100) NOT NULL,
  `idade` INT NOT NULL,
  `plano_id` INT NULL DEFAULT '0',
  PRIMARY KEY (`usuario_id`),
  INDEX `fk_usuarios_1_idx` (`plano_id` ASC) VISIBLE,
  CONSTRAINT `fk_usuarios_1`
    FOREIGN KEY (`plano_id`)
    REFERENCES `SpotifyClone`.`planos` (`planos_id`)
    ON DELETE RESTRICT
    ON UPDATE RESTRICT)
ENGINE = InnoDB
AUTO_INCREMENT = 1
DEFAULT CHARACTER SET = utf8mb4
COLLATE = utf8mb4_0900_ai_ci;


CREATE TABLE IF NOT EXISTS `SpotifyClone`.`seguindo` (
  `usuario_id` INT(11) NOT NULL,
  `artista_id` INT(11) NOT NULL,
  PRIMARY KEY (`usuario_id`, `artista_id`),
  INDEX `fk_seguindo_2_idx` (`artista_id` ASC) VISIBLE,
  CONSTRAINT `fk_seguindo_1`
    FOREIGN KEY (`usuario_id`)
    REFERENCES `SpotifyClone`.`usuarios` (`usuario_id`)
    ON DELETE NO ACTION
    ON UPDATE NO ACTION,
  CONSTRAINT `fk_seguindo_2`
    FOREIGN KEY (`artista_id`)
    REFERENCES `SpotifyClone`.`artista` (`artista_id`)
    ON DELETE NO ACTION
    ON UPDATE NO ACTION)
    ENGINE = InnoDB
AUTO_INCREMENT = 1
DEFAULT CHARACTER SET = utf8mb4
COLLATE = utf8mb4_0900_ai_ci;

SET SQL_MODE=@OLD_SQL_MODE;
SET FOREIGN_KEY_CHECKS=@OLD_FOREIGN_KEY_CHECKS;
SET UNIQUE_CHECKS=@OLD_UNIQUE_CHECKS;


USE `SpotifyClone` ;


INSERT INTO
    album (album_name, artista_id)
VALUES
    ('Envious', 1),
    ('Exuberant', 1),
    ('Hallowed Steam', 2),
    ('Incandescent', 3),
    ('Temporary Culture', 4);

INSERT INTO
    artista (name)
VALUES
    ('Walter Phoenix'),
    ('Peter Strong'),
    ('Lance Day'),
    ('Freedie Shannon');
    
INSERT INTO
    historico (usuario_id, musica_id)
VALUES
    (1, 6),
    (1, 11),
    (1, 19),
    (1, 21),
    (2, 18),
    (2, 22),
    (2, 7),
    (2, 20),
    (3, 9),
    (3, 21),
    (3, 11),
    (4, 8),
    (4, 23),
    (4, 16);

INSERT INTO
    planos (planos_id, plano,  valor_plano)
VALUES
    (1, 'gratuito' , 0),
    (2, 'universitário' ,5.99),
    (3, 'familiar' ,7.99);

INSERT INTO
    cançoes (album_id, musica )
VALUES
    (1, "Soul For Us"),
    (1, "Reflections Of Magic"),
    (1, "Dance With Her Own"),
    (2, "Troubles Of My Inner Fire"),
    (2, "Time Fireworks"),
    (3, "Magic Circus"),
    (3, "Honey, So Do I"),
    (3, "Sweetie, Let's Go Wild"),
    (3, "She Knows"),
    (4, "Fantasy For Me"),
    (4, "Celebration Of More"),
    (4, "Rock His Everything"),
    (4, "Home Forever"),
    (4, "Diamond Power"),
    (4, "Honey, Let's Be Silly"),
    (5, "Thang Of Thunder"),
    (5, "Words Of Her Life"),
    (5, "Without My Streets");

INSERT INTO
    usuarios (usuario_id, usuario, idade, plano_id)
VALUES
    (1, 'Thati', 23, 1),
    (2, 'Cintia', 35, 3),
    (3, 'Bill', 20, 2),
    (4, 'Roger', 45, 1);
    
    
INSERT INTO 
seguindo ( usuario_id, artista_id)
VALUES
(1, 1),
(1, 4),
(1,3),
(2,1),
(2,3),
(3,2),
(3,1),
(4,4);
